{
  "type": "minecraft:crafting_shaped",
  "pattern": [
    "012",
    "3 5",
    "6 8"
  ],
  "key": {
    "0": {
      "tag": "minecraft:wooden_slabs"
    },
    "1": {
      "tag": "minecraft:wooden_slabs"
    },
    "2": {
      "tag": "minecraft:wooden_slabs"
    },
    "3": {
      "item": "minecraft:stick"
    },
    "5": {
      "item": "minecraft:stick"
    },
    "6": {
      "item": "minecraft:stick"
    },
    "8": {
      "item": "minecraft:stick"
    }
  },
  "result": {
    "item": "friends_mod:table",
    "count": 1
  }
}