{
	"credit": "Made with Blockbench",
	"texture_size": [64, 64],
	"textures": {
		"0": "table",
		"particle": "table"
	},
	"elements": [
		{
			"from": [13, 0, 1],
			"to": [15, 15, 3],
			"faces": {
				"north": {"uv": [4, 0, 4.5, 4], "texture": "#0"},
				"east": {"uv": [4, 4, 4.5, 8], "texture": "#0"},
				"south": {"uv": [4.5, 0, 5, 4], "texture": "#0"},
				"west": {"uv": [4.5, 4, 5, 8], "texture": "#0"},
				"up": {"uv": [0.5, 8.5, 0, 8], "texture": "#0"},
				"down": {"uv": [1, 8, 0.5, 8.5], "texture": "#0"}
			}
		},
		{
			"from": [0, 14, 0],
			"to": [16, 16, 16],
			"faces": {
				"north": {"uv": [5, 0, 9, 0.5], "texture": "#0"},
				"east": {"uv": [5, 0.5, 9, 1], "texture": "#0"},
				"south": {"uv": [5, 1, 9, 1.5], "texture": "#0"},
				"west": {"uv": [5, 1.5, 9, 2], "texture": "#0"},
				"up": {"uv": [4, 4, 0, 0], "texture": "#0"},
				"down": {"uv": [4, 4, 0, 8], "texture": "#0"}
			}
		},
		{
			"from": [1, 0, 13],
			"to": [3, 15, 15],
			"faces": {
				"north": {"uv": [5, 2, 5.5, 6], "texture": "#0"},
				"east": {"uv": [5.5, 2, 6, 6], "texture": "#0"},
				"south": {"uv": [6, 2, 6.5, 6], "texture": "#0"},
				"west": {"uv": [5, 6, 5.5, 10], "texture": "#0"},
				"up": {"uv": [1.5, 8.5, 1, 8], "texture": "#0"},
				"down": {"uv": [2, 8, 1.5, 8.5], "texture": "#0"}
			}
		},
		{
			"from": [13, 0, 13],
			"to": [15, 15, 15],
			"faces": {
				"north": {"uv": [5.5, 6, 6, 10], "texture": "#0"},
				"east": {"uv": [6, 6, 6.5, 10], "texture": "#0"},
				"south": {"uv": [6.5, 2, 7, 6], "texture": "#0"},
				"west": {"uv": [6.5, 6, 7, 10], "texture": "#0"},
				"up": {"uv": [2.5, 8.5, 2, 8], "texture": "#0"},
				"down": {"uv": [8.5, 2, 8, 2.5], "texture": "#0"}
			}
		},
		{
			"from": [1, 0, 1],
			"to": [3, 15, 3],
			"faces": {
				"north": {"uv": [7, 2, 7.5, 6], "texture": "#0"},
				"east": {"uv": [7, 6, 7.5, 10], "texture": "#0"},
				"south": {"uv": [7.5, 2, 8, 6], "texture": "#0"},
				"west": {"uv": [7.5, 6, 8, 10], "texture": "#0"},
				"up": {"uv": [3, 8.5, 2.5, 8], "texture": "#0"},
				"down": {"uv": [8.5, 2.5, 8, 3], "texture": "#0"}
			}
		}
	],
	"groups": [
		{
			"name": "table",
			"origin": [0, 0, 0],
			"color": 0,
			"children": [0, 1, 2, 3, 4]
		}
	]
}